feature,best_threshold,precision,recall,f1,tp,fp,fn,tn,positive_samples,negative_samples
animals,0.69,0.7015,0.7833,0.7402,47,20,13,800,60,820
buildings,0.94,0.86,0.8269,0.8431,43,7,9,821,52,828
day,0.6,0.4971,0.9062,0.6421,87,88,9,696,96,784
drink,0.94,0.7907,0.7727,0.7816,34,9,10,827,44,836
flowers,0.77,0.8085,0.7917,0.8,38,9,10,823,48,832
food,0.76,0.7174,0.825,0.7674,33,13,7,827,40,840
fruits,0.84,0.6727,0.6727,0.6727,37,18,18,807,55,825
keychains,0.54,0.8511,1.0,0.9195,40,7,0,833,40,840
land,0.85,0.5743,0.6988,0.6304,58,43,25,754,83,797
moon,0.8,0.7083,0.7556,0.7312,34,14,11,821,45,835
night,0.55,0.7195,0.9365,0.8138,59,23,4,794,63,817
object,0.76,0.5091,0.6087,0.5545,28,27,18,807,46,834
pins_and_badges,0.94,1.0,1.0,1.0,40,0,0,840,40,840
portraits,0.81,0.881,0.9024,0.8916,37,5,4,834,41,839
pottery,0.87,0.8372,0.9,0.8675,36,7,4,833,40,840
sculptures,0.85,0.9394,0.775,0.8493,31,2,9,838,40,840
sky_and_clouds,0.86,0.6579,0.6757,0.6667,75,39,36,730,111,769
sun,0.87,0.5714,0.7442,0.6465,32,24,11,813,43,837
trees,0.77,0.6505,0.7283,0.6872,67,36,25,752,92,788
vegetable,0.8,0.775,0.7045,0.7381,31,9,13,827,44,836
vehicles,0.9,0.8571,0.6122,0.7143,30,5,19,826,49,831
water,0.57,0.5118,0.7471,0.6075,65,62,22,731,87,793
