threshold,precision,recall,f1,coverage,accepted
0.15,0.7962,0.7962,0.7962,1.0000,260
0.16,0.7962,0.7962,0.7962,1.0000,260
0.17,0.7962,0.7962,0.7962,1.0000,260
0.18,0.7962,0.7962,0.7962,1.0000,260
0.19,0.7962,0.7962,0.7962,1.0000,260
0.20,0.7962,0.7962,0.7962,1.0000,260
0.21,0.7962,0.7962,0.7962,1.0000,260
0.22,0.7962,0.7962,0.7962,1.0000,260
0.23,0.7992,0.7962,0.7977,0.9962,259
0.24,0.7984,0.7923,0.7954,0.9923,258
0.25,0.7984,0.7923,0.7954,0.9923,258
0.26,0.7984,0.7923,0.7954,0.9923,258
0.27,0.7984,0.7923,0.7954,0.9923,258
0.28,0.7984,0.7923,0.7954,0.9923,258
0.29,0.7984,0.7923,0.7954,0.9923,258
0.30,0.8016,0.7923,0.7969,0.9885,257
0.31,0.8071,0.7885,0.7977,0.9769,254
0.32,0.8135,0.7885,0.8008,0.9692,252
0.33,0.8153,0.7808,0.7976,0.9577,249
0.34,0.8145,0.7769,0.7953,0.9538,248
0.35,0.8171,0.7731,0.7945,0.9462,246
0.36,0.8238,0.7731,0.7976,0.9385,244
0.37,0.8299,0.7692,0.7984,0.9269,241
0.38,0.8361,0.7654,0.7992,0.9154,238
0.39,0.8354,0.7615,0.7968,0.9115,237
0.40,0.8354,0.7615,0.7968,0.9115,237
0.41,0.8376,0.7538,0.7935,0.9000,234
0.42,0.8376,0.7538,0.7935,0.9000,234
0.43,0.8376,0.7538,0.7935,0.9000,234
0.44,0.8391,0.7423,0.7878,0.8846,230
0.45,0.8391,0.7423,0.7878,0.8846,230
0.46,0.8451,0.7346,0.7860,0.8692,226
0.47,0.8565,0.7346,0.7909,0.8577,223
0.48,0.8552,0.7269,0.7859,0.8500,221
0.49,0.8670,0.7269,0.7908,0.8385,218
0.50,0.8664,0.7231,0.7883,0.8346,217
0.51,0.8732,0.7154,0.7865,0.8192,213
0.52,0.8720,0.7077,0.7813,0.8115,211
0.53,0.8798,0.7038,0.7821,0.8000,208
0.54,0.8780,0.6923,0.7742,0.7885,205
0.55,0.8824,0.6923,0.7759,0.7846,204
0.56,0.8867,0.6923,0.7775,0.7808,203
0.57,0.8945,0.6846,0.7756,0.7654,199
0.58,0.8939,0.6808,0.7729,0.7615,198
0.59,0.8923,0.6692,0.7648,0.7500,195
0.60,0.8912,0.6615,0.7594,0.7423,193
0.61,0.8912,0.6615,0.7594,0.7423,193
0.62,0.8953,0.6577,0.7583,0.7346,191
0.63,0.8942,0.6500,0.7528,0.7269,189
0.64,0.9071,0.6385,0.7494,0.7038,183
0.65,0.9071,0.6385,0.7494,0.7038,183
0.66,0.9050,0.6231,0.7380,0.6885,179
0.67,0.9029,0.6077,0.7264,0.6731,175
0.68,0.9023,0.6038,0.7235,0.6692,174
0.69,0.9128,0.6038,0.7269,0.6615,172
0.70,0.9118,0.5962,0.7209,0.6538,170
0.71,0.9157,0.5846,0.7136,0.6385,166
0.72,0.9152,0.5808,0.7106,0.6346,165
0.73,0.9207,0.5808,0.7123,0.6308,164
0.74,0.9207,0.5808,0.7123,0.6308,164
0.75,0.9321,0.5808,0.7156,0.6231,162
0.76,0.9317,0.5769,0.7126,0.6192,161
0.77,0.9313,0.5731,0.7095,0.6154,160
0.78,0.9308,0.5692,0.7064,0.6115,159
0.79,0.9295,0.5577,0.6971,0.6000,156
0.80,0.9286,0.5500,0.6908,0.5923,154
0.81,0.9281,0.5462,0.6877,0.5885,153
0.82,0.9272,0.5385,0.6813,0.5808,151
0.83,0.9262,0.5308,0.6748,0.5731,149
0.84,0.9306,0.5154,0.6634,0.5538,144
0.85,0.9286,0.5000,0.6500,0.5385,140
0.86,0.9333,0.4846,0.6380,0.5192,135
0.87,0.9394,0.4769,0.6327,0.5077,132
0.88,0.9389,0.4731,0.6292,0.5038,131
0.89,0.9444,0.4577,0.6166,0.4846,126
0.90,0.9407,0.4269,0.5873,0.4538,118
0.91,0.9469,0.4115,0.5737,0.4346,113
0.92,0.9459,0.4038,0.5660,0.4269,111
0.93,0.9623,0.3923,0.5574,0.4077,106
0.94,0.9700,0.3731,0.5389,0.3846,100
0.95,0.9684,0.3538,0.5183,0.3654,95
