threshold,precision,coverage,accepted,correct
0.15,0.716667,1.000000,120,86
0.16,0.716667,1.000000,120,86
0.17,0.716667,1.000000,120,86
0.18,0.716667,1.000000,120,86
0.19,0.716667,1.000000,120,86
0.20,0.716667,1.000000,120,86
0.21,0.716667,1.000000,120,86
0.22,0.716667,1.000000,120,86
0.23,0.716667,1.000000,120,86
0.24,0.716667,1.000000,120,86
0.25,0.716667,1.000000,120,86
0.26,0.716667,1.000000,120,86
0.27,0.716667,1.000000,120,86
0.28,0.716667,1.000000,120,86
0.29,0.716667,1.000000,120,86
0.30,0.716667,1.000000,120,86
0.31,0.716667,1.000000,120,86
0.32,0.716667,1.000000,120,86
0.33,0.714286,0.991667,119,85
0.34,0.726496,0.975000,117,85
0.35,0.724138,0.966667,116,84
0.36,0.724138,0.966667,116,84
0.37,0.724138,0.966667,116,84
0.38,0.730435,0.958333,115,84
0.39,0.730435,0.958333,115,84
0.40,0.730435,0.958333,115,84
0.41,0.730435,0.958333,115,84
0.42,0.736842,0.950000,114,84
0.43,0.736842,0.950000,114,84
0.44,0.743363,0.941667,113,84
0.45,0.741071,0.933333,112,83
0.46,0.754545,0.916667,110,83
0.47,0.759259,0.900000,108,82
0.48,0.771429,0.875000,105,81
0.49,0.769231,0.866667,104,80
0.50,0.776699,0.858333,103,80
0.51,0.774510,0.850000,102,79
0.52,0.774510,0.850000,102,79
0.53,0.767677,0.825000,99,76
0.54,0.775510,0.816667,98,76
0.55,0.781250,0.800000,96,75
0.56,0.778947,0.791667,95,74
0.57,0.795699,0.775000,93,74
0.58,0.804348,0.766667,92,74
0.59,0.811111,0.750000,90,73
0.60,0.811111,0.750000,90,73
0.61,0.811111,0.750000,90,73
0.62,0.820225,0.741667,89,73
0.63,0.823529,0.708333,85,70
0.64,0.819277,0.691667,83,68
0.65,0.829268,0.683333,82,68
0.66,0.837500,0.666667,80,67
0.67,0.846154,0.650000,78,66
0.68,0.844156,0.641667,77,65
0.69,0.851351,0.616667,74,63
0.70,0.849315,0.608333,73,62
0.71,0.859155,0.591667,71,61
0.72,0.871429,0.583333,70,61
0.73,0.884058,0.575000,69,61
0.74,0.884058,0.575000,69,61
0.75,0.884058,0.575000,69,61
0.76,0.892308,0.541667,65,58
0.77,0.904762,0.525000,63,57
0.78,0.919355,0.516667,62,57
0.79,0.915254,0.491667,59,54
0.80,0.915254,0.491667,59,54
0.81,0.910714,0.466667,56,51
0.82,0.910714,0.466667,56,51
0.83,0.910714,0.466667,56,51
0.84,0.927273,0.458333,55,51
0.85,0.924528,0.441667,53,49
0.86,0.924528,0.441667,53,49
0.87,0.940000,0.416667,50,47
0.88,0.937500,0.400000,48,45
0.89,0.957447,0.391667,47,45
0.90,0.956522,0.383333,46,44
0.91,0.955556,0.375000,45,43
0.92,0.954545,0.366667,44,42
0.93,0.952381,0.350000,42,40
0.94,0.974359,0.325000,39,38
0.95,0.972222,0.300000,36,35
