group,cross_split,sha256,split,path,labels
1,False,6cde57b250a9090c0d89766fe6df7de95705a62d4dd7c2df301c01d837339c2d,train,express-exp/ml/datasets/features/train/animals/129.jpg,animals
1,False,6cde57b250a9090c0d89766fe6df7de95705a62d4dd7c2df301c01d837339c2d,train,express-exp/ml/datasets/features/train/water/95.jpg,water
2,False,c62171fd38f2be7d7bc091db19554f12b243b9972b1d7a90958f36831f299582,train,express-exp/ml/datasets/features/train/buildings/108.jpg,buildings
2,False,c62171fd38f2be7d7bc091db19554f12b243b9972b1d7a90958f36831f299582,train,express-exp/ml/datasets/features/train/day/96.jpg,day
3,False,038b72b44475830742b13d31d2067525c998419912a22ac7be323b603d2b98d8,train,express-exp/ml/datasets/features/train/buildings/111.jpg,buildings
3,False,038b72b44475830742b13d31d2067525c998419912a22ac7be323b603d2b98d8,train,express-exp/ml/datasets/features/train/day/99.jpg,day
4,True,415bfde9e6e841a3a4fde4c51dce044530075b2a6039ccfa93ec8e1ba5cbe87d,train,express-exp/ml/datasets/features/train/buildings/139.jpg,buildings
4,True,415bfde9e6e841a3a4fde4c51dce044530075b2a6039ccfa93ec8e1ba5cbe87d,val,express-exp/ml/datasets/features/val/day/28.jpg,day
5,True,204b7ab4d04f917fc8bd2ea7eee2578d1fac10cf41dcd618f732b48260ff1adb,train,express-exp/ml/datasets/features/train/buildings/41.jpg,"buildings, day, sky_and_clouds"
5,True,204b7ab4d04f917fc8bd2ea7eee2578d1fac10cf41dcd618f732b48260ff1adb,val,express-exp/ml/datasets/features/val/buildings/10.jpg,"buildings, day"
6,False,522b833bb830bd12bffd57ed71c4d4721d82d58232b6859010b6d44f9ffda4f2,train,express-exp/ml/datasets/features/train/buildings/86.jpg,buildings
6,False,522b833bb830bd12bffd57ed71c4d4721d82d58232b6859010b6d44f9ffda4f2,train,express-exp/ml/datasets/features/train/day/92.jpg,day
7,False,ac1b495e28c6e01e22b0b38fd2e7bc67ed17704be170759b7b9b0f625ebb1cf8,train,express-exp/ml/datasets/features/train/buildings/87.jpg,buildings
7,False,ac1b495e28c6e01e22b0b38fd2e7bc67ed17704be170759b7b9b0f625ebb1cf8,train,express-exp/ml/datasets/features/train/day/93.jpg,day
8,False,05c500e24594f5e017210b87150507f13a37f91374c78a944ce37d93caa67846,train,express-exp/ml/datasets/features/train/buildings/89.jpg,buildings
8,False,05c500e24594f5e017210b87150507f13a37f91374c78a944ce37d93caa67846,train,express-exp/ml/datasets/features/train/water/88.jpg,water
9,False,341edd2d5806d5d4d5e0ae1662cdc89af558f5852b9007953bbe56e8322b4225,train,express-exp/ml/datasets/features/train/day/100.jpg,day
9,False,341edd2d5806d5d4d5e0ae1662cdc89af558f5852b9007953bbe56e8322b4225,train,express-exp/ml/datasets/features/train/water/97.jpg,water
10,False,27ecb037f1f9190bd59e8761dbb72041aabb5665ef7eeed5f28a8ab60ff47f95,train,express-exp/ml/datasets/features/train/day/101.jpg,day
10,False,27ecb037f1f9190bd59e8761dbb72041aabb5665ef7eeed5f28a8ab60ff47f95,train,express-exp/ml/datasets/features/train/water/98.jpg,water
11,False,920183b5107c9750520b5d4d02d4e9a666f92072c49b8fba42db8bf4c9a22832,train,express-exp/ml/datasets/features/train/day/102.jpg,day
11,False,920183b5107c9750520b5d4d02d4e9a666f92072c49b8fba42db8bf4c9a22832,train,express-exp/ml/datasets/features/train/land/119.jpg,land
12,False,d28ab3f8490f9b3dea8e029d04e92f905dc77969c1ee9af2304f2614ac9fa9c1,train,express-exp/ml/datasets/features/train/day/103.jpg,day
12,False,d28ab3f8490f9b3dea8e029d04e92f905dc77969c1ee9af2304f2614ac9fa9c1,train,express-exp/ml/datasets/features/train/land/120.jpg,land
12,False,d28ab3f8490f9b3dea8e029d04e92f905dc77969c1ee9af2304f2614ac9fa9c1,train,express-exp/ml/datasets/features/train/water/103.jpg,water
13,False,e2e19bcd15dd315b786f49bf56e6daed9071a7d8f0f44d9b1e049ba3a35fc031,train,express-exp/ml/datasets/features/train/day/104.jpg,day
13,False,e2e19bcd15dd315b786f49bf56e6daed9071a7d8f0f44d9b1e049ba3a35fc031,train,express-exp/ml/datasets/features/train/land/121.jpg,land
14,False,09eb2e5571a24f93cfa7e422bf73d445c1eaf2516385c12365be182ff2618ef0,train,express-exp/ml/datasets/features/train/day/105.jpg,day
14,False,09eb2e5571a24f93cfa7e422bf73d445c1eaf2516385c12365be182ff2618ef0,train,express-exp/ml/datasets/features/train/land/122.jpg,land
15,False,8b0cd8f3d724a14823dafc7f88546e06196cc4db27a4ec991c75689d2770c4f7,train,express-exp/ml/datasets/features/train/day/106.jpg,day
15,False,8b0cd8f3d724a14823dafc7f88546e06196cc4db27a4ec991c75689d2770c4f7,train,express-exp/ml/datasets/features/train/water/110.jpg,water
16,False,6e2eb3dcadc1e9e070e7b8c03328ec72d86acda5bc2989bb7ff59fb6a2df373f,train,express-exp/ml/datasets/features/train/day/107.jpg,day
16,False,6e2eb3dcadc1e9e070e7b8c03328ec72d86acda5bc2989bb7ff59fb6a2df373f,train,express-exp/ml/datasets/features/train/land/123.jpg,land
17,False,b323893ed03110eb45f7e8677f0ad4fef0d7242ba6efb9eea3b94be1d402deb6,train,express-exp/ml/datasets/features/train/day/108.jpg,day
17,False,b323893ed03110eb45f7e8677f0ad4fef0d7242ba6efb9eea3b94be1d402deb6,train,express-exp/ml/datasets/features/train/land/126.jpg,land
18,True,06618b94c7d08895787e97b8b8548e0fb35356f1265c7f4df84ea803dcfc83df,train,express-exp/ml/datasets/features/train/day/109.jpg,day
18,True,06618b94c7d08895787e97b8b8548e0fb35356f1265c7f4df84ea803dcfc83df,train,express-exp/ml/datasets/features/train/land/128.jpg,land
18,True,06618b94c7d08895787e97b8b8548e0fb35356f1265c7f4df84ea803dcfc83df,train,express-exp/ml/datasets/features/train/sky_and_clouds/83.jpg,sky_and_clouds
18,True,06618b94c7d08895787e97b8b8548e0fb35356f1265c7f4df84ea803dcfc83df,val,express-exp/ml/datasets/features/val/day/23.jpg,day
19,False,dcf8b73dab837cca194329abd3f7ea0ee47a22658cd0666da02fcccfb0d0fdf6,train,express-exp/ml/datasets/features/train/day/110.jpg,day
19,False,dcf8b73dab837cca194329abd3f7ea0ee47a22658cd0666da02fcccfb0d0fdf6,train,express-exp/ml/datasets/features/train/land/129.jpg,land
20,False,ea1fc665f44e503538aecb43a2af814fd7357e17600937f649a8c3ce940e2053,train,express-exp/ml/datasets/features/train/day/111.jpg,day
20,False,ea1fc665f44e503538aecb43a2af814fd7357e17600937f649a8c3ce940e2053,train,express-exp/ml/datasets/features/train/land/131.jpg,land
21,False,8adc2c4d6cd0e5e556ad6b2a7d719535a85f919fa525597429875aa4d8302fe1,train,express-exp/ml/datasets/features/train/day/112.jpg,day
21,False,8adc2c4d6cd0e5e556ad6b2a7d719535a85f919fa525597429875aa4d8302fe1,train,express-exp/ml/datasets/features/train/water/115.jpg,water
22,True,b6a974873ee009ac0c41cbaffe6d401a6b7b820be469be9fd91ab71370971207,train,express-exp/ml/datasets/features/train/day/113.jpg,day
22,True,b6a974873ee009ac0c41cbaffe6d401a6b7b820be469be9fd91ab71370971207,val,express-exp/ml/datasets/features/val/land/32.jpg,land
22,True,b6a974873ee009ac0c41cbaffe6d401a6b7b820be469be9fd91ab71370971207,val,express-exp/ml/datasets/features/val/trees/29.jpg,trees
23,True,704ad5ba4ebbb1e50de136ca5e2ac5cd0437278d7584cf44d8628aad367e9afd,train,express-exp/ml/datasets/features/train/day/114.jpg,day
23,True,704ad5ba4ebbb1e50de136ca5e2ac5cd0437278d7584cf44d8628aad367e9afd,val,express-exp/ml/datasets/features/val/land/33.jpg,land
24,False,d56495bccacbe42c67793cab34f6f296d0bc793129ae488318468e12c79ed3a7,train,express-exp/ml/datasets/features/train/day/115.jpg,day
24,False,d56495bccacbe42c67793cab34f6f296d0bc793129ae488318468e12c79ed3a7,train,express-exp/ml/datasets/features/train/water/118.jpg,water
25,False,ad203bd2b9d56f113855569d7de7f15feba7926a2d1a0126b1995ce0900a457b,train,express-exp/ml/datasets/features/train/day/116.jpg,day
25,False,ad203bd2b9d56f113855569d7de7f15feba7926a2d1a0126b1995ce0900a457b,train,express-exp/ml/datasets/features/train/land/135.jpg,land
26,False,e4f1dc1978203b125c7aa3079e4aadf0a01a21bd033a87fc6d7ebda67f6f8488,train,express-exp/ml/datasets/features/train/day/117.jpg,day
26,False,e4f1dc1978203b125c7aa3079e4aadf0a01a21bd033a87fc6d7ebda67f6f8488,train,express-exp/ml/datasets/features/train/land/136.jpg,land
26,False,e4f1dc1978203b125c7aa3079e4aadf0a01a21bd033a87fc6d7ebda67f6f8488,train,express-exp/ml/datasets/features/train/sky_and_clouds/86.jpg,sky_and_clouds
27,False,ee7100e9c3d7bafd4f764406a79bbf91b12dbb019180012c0eef1f3919128647,train,express-exp/ml/datasets/features/train/day/118.jpg,day
27,False,ee7100e9c3d7bafd4f764406a79bbf91b12dbb019180012c0eef1f3919128647,train,express-exp/ml/datasets/features/train/land/137.jpg,land
27,False,ee7100e9c3d7bafd4f764406a79bbf91b12dbb019180012c0eef1f3919128647,train,express-exp/ml/datasets/features/train/trees/128.jpg,trees
28,True,50d2b4b6dc8545694feb1740cc0553e752116d0ad6915bf7e8df96ecfa4d2265,train,express-exp/ml/datasets/features/train/day/119.jpg,day
28,True,50d2b4b6dc8545694feb1740cc0553e752116d0ad6915bf7e8df96ecfa4d2265,train,express-exp/ml/datasets/features/train/trees/129.jpg,trees
28,True,50d2b4b6dc8545694feb1740cc0553e752116d0ad6915bf7e8df96ecfa4d2265,val,express-exp/ml/datasets/features/val/land/36.jpg,land
29,True,1535b4426af778d99b24cf70f55f2f5a493981b7985348700869727b0c891ded,train,express-exp/ml/datasets/features/train/day/120.jpg,day
29,True,1535b4426af778d99b24cf70f55f2f5a493981b7985348700869727b0c891ded,train,express-exp/ml/datasets/features/train/trees/130.jpg,trees
29,True,1535b4426af778d99b24cf70f55f2f5a493981b7985348700869727b0c891ded,val,express-exp/ml/datasets/features/val/land/37.jpg,land
30,False,34cc2f2988df77f8fbb06de4f4a97181835c8797e90d04d5bada05d8fff904e9,train,express-exp/ml/datasets/features/train/day/121.jpg,day
30,False,34cc2f2988df77f8fbb06de4f4a97181835c8797e90d04d5bada05d8fff904e9,train,express-exp/ml/datasets/features/train/land/138.jpg,land
31,False,ed7a157baa7700abc34a5473c79ef2ba5b2e01161ad5c398a38338c6f923039a,train,express-exp/ml/datasets/features/train/day/122.jpg,day
31,False,ed7a157baa7700abc34a5473c79ef2ba5b2e01161ad5c398a38338c6f923039a,train,express-exp/ml/datasets/features/train/land/142.jpg,land
32,False,8a6bc26c7446e37f42839773d65ec5218a0237b72e27a13b32b3b90ef67e2133,train,express-exp/ml/datasets/features/train/day/123.jpg,day
32,False,8a6bc26c7446e37f42839773d65ec5218a0237b72e27a13b32b3b90ef67e2133,train,express-exp/ml/datasets/features/train/land/146.jpg,land
33,False,5743d3818b37d405932c29f9d272e1957958586a9cfb5774adb8d39d6784c791,train,express-exp/ml/datasets/features/train/day/124.jpg,day
33,False,5743d3818b37d405932c29f9d272e1957958586a9cfb5774adb8d39d6784c791,train,express-exp/ml/datasets/features/train/land/157.jpg,land
34,False,d389315e74d934f87cfc3a7ee2b66ba8c4147f2bc610ef701eb87ee0f700013c,train,express-exp/ml/datasets/features/train/day/125.jpg,day
34,False,d389315e74d934f87cfc3a7ee2b66ba8c4147f2bc610ef701eb87ee0f700013c,train,express-exp/ml/datasets/features/train/trees/149.jpg,trees
35,False,5a8fcb6494ffeda1c3cbf001c87cbf7cdbfb1f12ab02d756c3d0d5161ee872dc,train,express-exp/ml/datasets/features/train/day/126.jpg,day
35,False,5a8fcb6494ffeda1c3cbf001c87cbf7cdbfb1f12ab02d756c3d0d5161ee872dc,train,express-exp/ml/datasets/features/train/trees/151.jpg,trees
36,False,3c92aa2c4119922831e26f949e25d50abf69b19ff545331776753378c0c76f77,train,express-exp/ml/datasets/features/train/day/127.jpg,day
36,False,3c92aa2c4119922831e26f949e25d50abf69b19ff545331776753378c0c76f77,train,express-exp/ml/datasets/features/train/water/143.jpg,water
36,False,3c92aa2c4119922831e26f949e25d50abf69b19ff545331776753378c0c76f77,train,express-exp/ml/datasets/features/train/water/40.jpg,"day, sky_and_clouds, sun, water"
37,False,e14822dbab8838eb095b2943d09917267dc8042a7a5390784b7a44f4ca07296a,train,express-exp/ml/datasets/features/train/day/128.jpg,day
37,False,e14822dbab8838eb095b2943d09917267dc8042a7a5390784b7a44f4ca07296a,train,express-exp/ml/datasets/features/train/water/144.jpg,water
38,False,86f4ed126185ee638b37635d5eaa655fb2655e6abbf7f3e0d7db54493b3b2258,train,express-exp/ml/datasets/features/train/day/129.jpg,day
38,False,86f4ed126185ee638b37635d5eaa655fb2655e6abbf7f3e0d7db54493b3b2258,train,express-exp/ml/datasets/features/train/sky_and_clouds/100.jpg,sky_and_clouds
38,False,86f4ed126185ee638b37635d5eaa655fb2655e6abbf7f3e0d7db54493b3b2258,train,express-exp/ml/datasets/features/train/sky_and_clouds/12.jpg,sky_and_clouds
39,False,fac32f810ad7fe315ee332a57c5338b203e4db34ef2a94b9552177c7f97b703c,train,express-exp/ml/datasets/features/train/day/130.jpg,day
39,False,fac32f810ad7fe315ee332a57c5338b203e4db34ef2a94b9552177c7f97b703c,train,express-exp/ml/datasets/features/train/sun/82.jpg,sun
40,False,8eb3d5d80ecc7e24c65c9ca0356024351e61aff4a8eecefe1c3976200439f34c,train,express-exp/ml/datasets/features/train/day/131.jpg,day
40,False,8eb3d5d80ecc7e24c65c9ca0356024351e61aff4a8eecefe1c3976200439f34c,train,express-exp/ml/datasets/features/train/sky_and_clouds/108.jpg,sky_and_clouds
41,False,428938ccfdd2d53c42fc78b51d8bcac0d88534f96b51421a00ea8286834fc7f3,train,express-exp/ml/datasets/features/train/day/132.jpg,day
41,False,428938ccfdd2d53c42fc78b51d8bcac0d88534f96b51421a00ea8286834fc7f3,train,express-exp/ml/datasets/features/train/sun/84.jpg,sun
42,True,560d7e3fddd102cf34af52c57a8cef7ff8cab150ffe026a8201b0c65be7ccb6e,train,express-exp/ml/datasets/features/train/day/133.jpg,day
42,True,560d7e3fddd102cf34af52c57a8cef7ff8cab150ffe026a8201b0c65be7ccb6e,val,express-exp/ml/datasets/features/val/vehicles/27.jpg,vehicles
43,False,641e3bbbcf796503fae565a67041d79436a6c91ca4c226d83bf68c506fdcd0c3,train,express-exp/ml/datasets/features/train/day/134.jpg,day
43,False,641e3bbbcf796503fae565a67041d79436a6c91ca4c226d83bf68c506fdcd0c3,train,express-exp/ml/datasets/features/train/sky_and_clouds/119.jpg,sky_and_clouds
44,False,f13f70d7fefb2089915871762d04c86c89f32a0b9c8b71f8e095bc3e8d7c3504,train,express-exp/ml/datasets/features/train/day/135.jpg,day
44,False,f13f70d7fefb2089915871762d04c86c89f32a0b9c8b71f8e095bc3e8d7c3504,train,express-exp/ml/datasets/features/train/sky_and_clouds/123.jpg,sky_and_clouds
45,False,9fdd52e1349b7027ad8fee38d9e555faac6a3cf27d8df87975c64ebb515e2095,train,express-exp/ml/datasets/features/train/day/136.jpg,day
45,False,9fdd52e1349b7027ad8fee38d9e555faac6a3cf27d8df87975c64ebb515e2095,train,express-exp/ml/datasets/features/train/sky_and_clouds/131.jpg,sky_and_clouds
46,False,095722c392464bc1ae65ea288abe4a4f7016f8bbd787b2e3e25cc43a1e138599,train,express-exp/ml/datasets/features/train/day/137.jpg,day
46,False,095722c392464bc1ae65ea288abe4a4f7016f8bbd787b2e3e25cc43a1e138599,train,express-exp/ml/datasets/features/train/sky_and_clouds/138.jpg,sky_and_clouds
47,False,0d39d19efe5ff35f7b8fe9844641198ab35251e818b8bb6bafb56b6f027f1c44,train,express-exp/ml/datasets/features/train/day/138.jpg,day
47,False,0d39d19efe5ff35f7b8fe9844641198ab35251e818b8bb6bafb56b6f027f1c44,train,express-exp/ml/datasets/features/train/sky_and_clouds/139.jpg,sky_and_clouds
48,False,5998f712fdfc66870ea5c38840499b40606e2df333d8673b6ef94a1d5811f841,train,express-exp/ml/datasets/features/train/day/139.jpg,day
48,False,5998f712fdfc66870ea5c38840499b40606e2df333d8673b6ef94a1d5811f841,train,express-exp/ml/datasets/features/train/sun/106.jpg,sun
49,False,b74e516ddcb84ce6aec4a8fd3b9c228b15effb36956f51ae04f01b46473fdab5,train,express-exp/ml/datasets/features/train/day/140.jpg,day
49,False,b74e516ddcb84ce6aec4a8fd3b9c228b15effb36956f51ae04f01b46473fdab5,train,express-exp/ml/datasets/features/train/sky_and_clouds/143.jpg,sky_and_clouds
50,False,7b6f18f194fab109761890d053c661a60bae36bf0ec76453d48e21c1164fa996,train,express-exp/ml/datasets/features/train/day/141.jpg,day
50,False,7b6f18f194fab109761890d053c661a60bae36bf0ec76453d48e21c1164fa996,train,express-exp/ml/datasets/features/train/sun/108.jpg,sun
51,False,f79280734afe5fdfc34a8c1cb2090305b4009c23fd06f98129afa8384949aedc,train,express-exp/ml/datasets/features/train/day/142.jpg,day
51,False,f79280734afe5fdfc34a8c1cb2090305b4009c23fd06f98129afa8384949aedc,train,express-exp/ml/datasets/features/train/vehicles/124.jpg,vehicles
52,False,4be1cbe36ee25dad7d094390e2baf1bdb796b0b35c00f11cfc6eeffa6f9a94ee,train,express-exp/ml/datasets/features/train/day/143.jpg,day
52,False,4be1cbe36ee25dad7d094390e2baf1bdb796b0b35c00f11cfc6eeffa6f9a94ee,train,express-exp/ml/datasets/features/train/vehicles/126.jpg,vehicles
53,False,e19d07e22272fb066667c4b7a0d2e3e01db3f86d714157b45b2b04161fb49b5b,train,express-exp/ml/datasets/features/train/day/144.jpg,day
53,False,e19d07e22272fb066667c4b7a0d2e3e01db3f86d714157b45b2b04161fb49b5b,train,express-exp/ml/datasets/features/train/sky_and_clouds/147.jpg,sky_and_clouds
54,False,4110e08af8c60f944c103219393951521cb3a92117244ed0abe3d0e9e42d5d97,train,express-exp/ml/datasets/features/train/day/145.jpg,day
54,False,4110e08af8c60f944c103219393951521cb3a92117244ed0abe3d0e9e42d5d97,train,express-exp/ml/datasets/features/train/sky_and_clouds/148.jpg,sky_and_clouds
55,False,debf83cf32502b30dd06936e8b73df4b336002c032f73894f14307a6cc655685,train,express-exp/ml/datasets/features/train/day/146.jpg,day
55,False,debf83cf32502b30dd06936e8b73df4b336002c032f73894f14307a6cc655685,train,express-exp/ml/datasets/features/train/sky_and_clouds/152.jpg,sky_and_clouds
56,False,b27346ac66c24837683b42f302acfbe3a7e16cdf1accdea12d90a5cc01215b91,train,express-exp/ml/datasets/features/train/day/147.jpg,day
56,False,b27346ac66c24837683b42f302acfbe3a7e16cdf1accdea12d90a5cc01215b91,train,express-exp/ml/datasets/features/train/sky_and_clouds/153.jpg,sky_and_clouds
57,False,0d6d1690776134a6870f3dce6a097d75ed3c511b9f3726564dd4d9b12940b379,train,express-exp/ml/datasets/features/train/day/148.jpg,day
57,False,0d6d1690776134a6870f3dce6a097d75ed3c511b9f3726564dd4d9b12940b379,train,express-exp/ml/datasets/features/train/sky_and_clouds/155.jpg,sky_and_clouds
58,False,31272ec670f727e42231042c3ec1f01e754b076bb933791da2aa703f23212126,train,express-exp/ml/datasets/features/train/day/149.jpg,day
58,False,31272ec670f727e42231042c3ec1f01e754b076bb933791da2aa703f23212126,train,express-exp/ml/datasets/features/train/sky_and_clouds/157.jpg,sky_and_clouds
59,False,47311f8bc94f8309fb0c5538cf31147e149d8a570feab2bd490f7e4dd3a542bf,train,express-exp/ml/datasets/features/train/day/150.jpg,day
59,False,47311f8bc94f8309fb0c5538cf31147e149d8a570feab2bd490f7e4dd3a542bf,train,express-exp/ml/datasets/features/train/sun/119.jpg,sun
60,True,40a7fd90ccbc99f5947fe8e6c79edb5a16f3cbbd2348ab9e50591edc8adcd065,train,express-exp/ml/datasets/features/train/day/151.jpg,day
60,True,40a7fd90ccbc99f5947fe8e6c79edb5a16f3cbbd2348ab9e50591edc8adcd065,val,express-exp/ml/datasets/features/val/water/37.jpg,water
61,True,14b6a1298d1d3d8812f0451767e8b6f460243cf33797ee29e2679a37f6e2e618,train,express-exp/ml/datasets/features/train/day/152.png,day
61,True,14b6a1298d1d3d8812f0451767e8b6f460243cf33797ee29e2679a37f6e2e618,val,express-exp/ml/datasets/features/val/trees/39.png,trees
62,False,f7e548a23cd6165768d118549117da6e61cc86ed59cb9fb1994dc72105d28594,train,express-exp/ml/datasets/features/train/day/153.jpg,day
62,False,f7e548a23cd6165768d118549117da6e61cc86ed59cb9fb1994dc72105d28594,train,express-exp/ml/datasets/features/train/sun/135.jpg,sun
63,True,f02acd763c2e38c88cca104e58b71bc97d9ba85af41fea3ec8dd95e2f54ec8b5,train,express-exp/ml/datasets/features/train/day/154.jpg,day
63,True,f02acd763c2e38c88cca104e58b71bc97d9ba85af41fea3ec8dd95e2f54ec8b5,val,express-exp/ml/datasets/features/val/sun/29.jpg,sun
64,False,bb135f14e961bf657f9aa7cfc2d34881b95b0e3f55b47d5cc894505ab3f477e4,train,express-exp/ml/datasets/features/train/day/155.jpg,day
64,False,bb135f14e961bf657f9aa7cfc2d34881b95b0e3f55b47d5cc894505ab3f477e4,train,express-exp/ml/datasets/features/train/water/154.jpg,water
65,False,64eb716a1e41fb6686c0a7c162ed7a9f82d1d447bf7c35bdb1d7110d5509b8cc,train,express-exp/ml/datasets/features/train/day/156.jpg,day
65,False,64eb716a1e41fb6686c0a7c162ed7a9f82d1d447bf7c35bdb1d7110d5509b8cc,train,express-exp/ml/datasets/features/train/water/155.jpg,water
66,False,76d7761c193fc5945d9bd615d24f65fa33857bb74e37932324af2267dfbd058e,train,express-exp/ml/datasets/features/train/day/157.png,day
66,False,76d7761c193fc5945d9bd615d24f65fa33857bb74e37932324af2267dfbd058e,train,express-exp/ml/datasets/features/train/sun/151.png,sun
67,False,e6ab0943d0c092372cc3b0c2f475bbdd18e81ab4817727dddde405b297400449,train,express-exp/ml/datasets/features/train/day/158.png,day
67,False,e6ab0943d0c092372cc3b0c2f475bbdd18e81ab4817727dddde405b297400449,train,express-exp/ml/datasets/features/train/sun/152.png,sun
68,True,236264e5d8577ee9ddff4932d729c2624001cfc93851a64b01dc9830897154c4,train,express-exp/ml/datasets/features/train/day/159.jpg,day
68,True,236264e5d8577ee9ddff4932d729c2624001cfc93851a64b01dc9830897154c4,val,express-exp/ml/datasets/features/val/sun/39.jpg,sun
69,True,93b7fb260add615f861735054987cfa15d27565e84411199f19192bbc9bafd0f,train,express-exp/ml/datasets/features/train/day/160.jpg,day
69,True,93b7fb260add615f861735054987cfa15d27565e84411199f19192bbc9bafd0f,train,express-exp/ml/datasets/features/train/sky_and_clouds/160.jpg,sky_and_clouds
69,True,93b7fb260add615f861735054987cfa15d27565e84411199f19192bbc9bafd0f,val,express-exp/ml/datasets/features/val/sky_and_clouds/15.jpg,"day, sky_and_clouds"
70,True,ee5bcd3606914876c0aaef4105cee31d01ac4d11fd6bd71b9d95896e7fd5768e,train,express-exp/ml/datasets/features/train/day/6.jpg,"day, sky_and_clouds, sun, water"
70,True,ee5bcd3606914876c0aaef4105cee31d01ac4d11fd6bd71b9d95896e7fd5768e,train,express-exp/ml/datasets/features/train/sky_and_clouds/64.jpg,"sky_and_clouds, water"
70,True,ee5bcd3606914876c0aaef4105cee31d01ac4d11fd6bd71b9d95896e7fd5768e,val,express-exp/ml/datasets/features/val/day/10.jpg,"day, sky_and_clouds, water"
71,True,a71412bfce9963483d369cdd5cceb677aa168716c0e020752a96a0f45744de76,train,express-exp/ml/datasets/features/train/day/74.jpg,"day, sky_and_clouds"
71,True,a71412bfce9963483d369cdd5cceb677aa168716c0e020752a96a0f45744de76,val,express-exp/ml/datasets/features/val/day/20.jpg,"day, sky_and_clouds"
72,False,0d9f408721821f2aaaa6578329c95fd0acf86f446c1be6075bc9634e0bf7cf5c,train,express-exp/ml/datasets/features/train/day/79.jpg,"day, sky_and_clouds"
72,False,0d9f408721821f2aaaa6578329c95fd0acf86f446c1be6075bc9634e0bf7cf5c,train,express-exp/ml/datasets/features/train/sky_and_clouds/28.jpg,"day, sky_and_clouds"
72,False,0d9f408721821f2aaaa6578329c95fd0acf86f446c1be6075bc9634e0bf7cf5c,train,express-exp/ml/datasets/features/train/sky_and_clouds/40.jpg,"day, sky_and_clouds"
73,True,12309c3be44f427fbe7ebf4829b9b37994c8047d42e8aa7be21120f27a502acc,train,express-exp/ml/datasets/features/train/day/8.jpg,"day, sky_and_clouds, sun, water"
73,True,12309c3be44f427fbe7ebf4829b9b37994c8047d42e8aa7be21120f27a502acc,train,express-exp/ml/datasets/features/train/sun/67.jpg,"sky_and_clouds, sun"
73,True,12309c3be44f427fbe7ebf4829b9b37994c8047d42e8aa7be21120f27a502acc,train,express-exp/ml/datasets/features/train/water/134.jpg,water
73,True,12309c3be44f427fbe7ebf4829b9b37994c8047d42e8aa7be21120f27a502acc,val,express-exp/ml/datasets/features/val/sky_and_clouds/24.jpg,sky_and_clouds
74,False,036263d60e0d776b79647b233c1596464aa5c13802861f863257dda80ff69d6f,train,express-exp/ml/datasets/features/train/day/81.jpg,day
74,False,036263d60e0d776b79647b233c1596464aa5c13802861f863257dda80ff69d6f,train,express-exp/ml/datasets/features/train/land/84.jpg,land
74,False,036263d60e0d776b79647b233c1596464aa5c13802861f863257dda80ff69d6f,train,express-exp/ml/datasets/features/train/trees/82.jpg,trees
75,False,09605e816ad851d1e7e276526ff346799abf440a0cb5e1f2e31acead055efa6e,train,express-exp/ml/datasets/features/train/day/82.jpg,day
75,False,09605e816ad851d1e7e276526ff346799abf440a0cb5e1f2e31acead055efa6e,train,express-exp/ml/datasets/features/train/trees/84.jpg,trees
76,False,b98f31c2b50c2dee8aa3064fe11c9f9ff093ff3196158bff40e36ad5c86f3037,train,express-exp/ml/datasets/features/train/day/83.jpg,day
76,False,b98f31c2b50c2dee8aa3064fe11c9f9ff093ff3196158bff40e36ad5c86f3037,train,express-exp/ml/datasets/features/train/land/85.jpg,land
76,False,b98f31c2b50c2dee8aa3064fe11c9f9ff093ff3196158bff40e36ad5c86f3037,train,express-exp/ml/datasets/features/train/trees/85.jpg,trees
77,False,be13584ad2d2d79b9c1435eadeb1b097a326c044aabd4185a5030b966ff5c003,train,express-exp/ml/datasets/features/train/day/84.jpg,day
77,False,be13584ad2d2d79b9c1435eadeb1b097a326c044aabd4185a5030b966ff5c003,train,express-exp/ml/datasets/features/train/flowers/153.jpg,flowers
78,False,77dfe9a6c08dfbec4e040caa5adc6f5bfb82cdbca277f0b65bfe530e47414bbf,train,express-exp/ml/datasets/features/train/day/85.jpg,day
78,False,77dfe9a6c08dfbec4e040caa5adc6f5bfb82cdbca277f0b65bfe530e47414bbf,train,express-exp/ml/datasets/features/train/land/86.jpg,land
78,False,77dfe9a6c08dfbec4e040caa5adc6f5bfb82cdbca277f0b65bfe530e47414bbf,train,express-exp/ml/datasets/features/train/trees/87.jpg,trees
79,False,617ec7c379004424eb70e817a09eb9e3959ce9f575f07909917ef7107cd5ccd1,train,express-exp/ml/datasets/features/train/day/86.jpg,day
79,False,617ec7c379004424eb70e817a09eb9e3959ce9f575f07909917ef7107cd5ccd1,train,express-exp/ml/datasets/features/train/land/87.jpg,land
79,False,617ec7c379004424eb70e817a09eb9e3959ce9f575f07909917ef7107cd5ccd1,train,express-exp/ml/datasets/features/train/trees/150.jpg,trees
80,False,409b8b1128219f4e7cb18395837adc0aea45bebe6cee464b41b47bdd0252007d,train,express-exp/ml/datasets/features/train/day/87.jpg,day
80,False,409b8b1128219f4e7cb18395837adc0aea45bebe6cee464b41b47bdd0252007d,train,express-exp/ml/datasets/features/train/land/88.jpg,land
80,False,409b8b1128219f4e7cb18395837adc0aea45bebe6cee464b41b47bdd0252007d,train,express-exp/ml/datasets/features/train/trees/92.jpg,trees
81,False,e9eed0c23cb438ed31122c94c45fea47fa3e0cf9e6c3082b74bc5e16aebfa6a9,train,express-exp/ml/datasets/features/train/day/88.jpg,day
81,False,e9eed0c23cb438ed31122c94c45fea47fa3e0cf9e6c3082b74bc5e16aebfa6a9,train,express-exp/ml/datasets/features/train/land/89.jpg,land
81,False,e9eed0c23cb438ed31122c94c45fea47fa3e0cf9e6c3082b74bc5e16aebfa6a9,train,express-exp/ml/datasets/features/train/trees/93.jpg,trees
82,False,ecedfa539907ec7a0677a0885cc1d3695a4ea0e9bdc06e22aa7454b3046187ad,train,express-exp/ml/datasets/features/train/day/89.jpg,day
82,False,ecedfa539907ec7a0677a0885cc1d3695a4ea0e9bdc06e22aa7454b3046187ad,train,express-exp/ml/datasets/features/train/trees/95.jpg,trees
83,True,5f97eae57817fd46c1410c79d683f93c186741ee7b2979f4b545d7c480bdc8f5,train,express-exp/ml/datasets/features/train/day/90.jpg,day
83,True,5f97eae57817fd46c1410c79d683f93c186741ee7b2979f4b545d7c480bdc8f5,train,express-exp/ml/datasets/features/train/trees/98.jpg,trees
83,True,5f97eae57817fd46c1410c79d683f93c186741ee7b2979f4b545d7c480bdc8f5,val,express-exp/ml/datasets/features/val/land/21.jpg,land
84,False,b0c45de3e31948635b12e742b146de6e0f750f88e7ba01c64743cff2198a31c7,train,express-exp/ml/datasets/features/train/day/91.jpg,day
84,False,b0c45de3e31948635b12e742b146de6e0f750f88e7ba01c64743cff2198a31c7,train,express-exp/ml/datasets/features/train/land/96.jpg,land
85,False,1e49de28f5a58c497d78154be19914969980117594b3d5450d1625f335f72bd9,train,express-exp/ml/datasets/features/train/day/94.jpg,day
85,False,1e49de28f5a58c497d78154be19914969980117594b3d5450d1625f335f72bd9,train,express-exp/ml/datasets/features/train/water/93.jpg,water
86,True,c2b70bec9c50d6f2476b845087bf9e3c88884ea29212dfbbe2566145ec30b86f,train,express-exp/ml/datasets/features/train/day/95.jpg,day
86,True,c2b70bec9c50d6f2476b845087bf9e3c88884ea29212dfbbe2566145ec30b86f,val,express-exp/ml/datasets/features/val/sky_and_clouds/21.jpg,sky_and_clouds
87,False,83902681e9abc88cf28476a4c179adc7af920ea42d2c2096ae28374b0859a332,train,express-exp/ml/datasets/features/train/day/97.jpg,day
87,False,83902681e9abc88cf28476a4c179adc7af920ea42d2c2096ae28374b0859a332,train,express-exp/ml/datasets/features/train/land/114.jpg,land
87,False,83902681e9abc88cf28476a4c179adc7af920ea42d2c2096ae28374b0859a332,train,express-exp/ml/datasets/features/train/sky_and_clouds/82.jpg,sky_and_clouds
88,True,fce1f3fba075bfc555524f1ebf9b74c64b406aabe45e01c25707e5747a3b7cc3,train,express-exp/ml/datasets/features/train/day/98.jpg,day
88,True,fce1f3fba075bfc555524f1ebf9b74c64b406aabe45e01c25707e5747a3b7cc3,val,express-exp/ml/datasets/features/val/sky_and_clouds/22.jpg,sky_and_clouds
89,False,6fff3a8f0f65eb901bf115e3b5ea06319574b51d4b868a98fe133d80efeda446,train,express-exp/ml/datasets/features/train/flowers/11.jpg,"flowers, object"
89,False,6fff3a8f0f65eb901bf115e3b5ea06319574b51d4b868a98fe133d80efeda446,train,express-exp/ml/datasets/features/train/flowers/37.jpg,"flowers, object"
90,True,13169df7feeace2790b3818d310fcbc6bd36c2a39c07defd2ca65e33ae32cd53,train,express-exp/ml/datasets/features/train/flowers/5.jpg,"day, flowers, land, sky_and_clouds, trees"
90,True,13169df7feeace2790b3818d310fcbc6bd36c2a39c07defd2ca65e33ae32cd53,val,express-exp/ml/datasets/features/val/flowers/17.jpg,"day, flowers, land, sky_and_clouds"
91,False,37f7891b31c6142fa8152a6abfe1ad05072bfa4255949631beb51c1665e37820,train,express-exp/ml/datasets/features/train/food/54.jpg,food
91,False,37f7891b31c6142fa8152a6abfe1ad05072bfa4255949631beb51c1665e37820,train,express-exp/ml/datasets/features/train/food/55.jpg,food
92,True,dbd02da6e814aad5773c443934c19e64c5daff30c78aa5fa0f6d29015e02d6b4,train,express-exp/ml/datasets/features/train/fruits/2.jpg,fruits
92,True,dbd02da6e814aad5773c443934c19e64c5daff30c78aa5fa0f6d29015e02d6b4,val,express-exp/ml/datasets/features/val/vegetable/13.jpg,vegetable
93,True,e666fa890147f8b142abf1e7fe12ca08bde8b2df91dd1cdb25547c2bf114b262,train,express-exp/ml/datasets/features/train/fruits/97.jpg,fruits
93,True,e666fa890147f8b142abf1e7fe12ca08bde8b2df91dd1cdb25547c2bf114b262,val,express-exp/ml/datasets/features/val/fruits/27.jpg,fruits
94,True,5ec7c1a9fa66fa3c1bcb9cc325d417f46838e0573127bf96c484ccd00047bc98,train,express-exp/ml/datasets/features/train/keychains/43.jpg,keychains
94,True,5ec7c1a9fa66fa3c1bcb9cc325d417f46838e0573127bf96c484ccd00047bc98,val,express-exp/ml/datasets/features/val/keychains/17.jpg,keychains
95,False,02c52ad6fe7804b02872484d7b71fa2bc61e1028c970fb49d0ffa17648395692,train,express-exp/ml/datasets/features/train/keychains/65.png,keychains
95,False,02c52ad6fe7804b02872484d7b71fa2bc61e1028c970fb49d0ffa17648395692,train,express-exp/ml/datasets/features/train/keychains/66.png,keychains
96,False,6e6e19b8528104cf608182421866dd832109ea9acc1038534b2972aa1a021860,train,express-exp/ml/datasets/features/train/land/103.jpg,land
96,False,6e6e19b8528104cf608182421866dd832109ea9acc1038534b2972aa1a021860,train,express-exp/ml/datasets/features/train/trees/109.jpg,trees
97,True,c2632094add9b1309b5dfe29aec24be9d527eac30ef020390c74f0942009e359,train,express-exp/ml/datasets/features/train/land/113.jpg,land
97,True,c2632094add9b1309b5dfe29aec24be9d527eac30ef020390c74f0942009e359,train,express-exp/ml/datasets/features/train/sky_and_clouds/81.jpg,sky_and_clouds
97,True,c2632094add9b1309b5dfe29aec24be9d527eac30ef020390c74f0942009e359,val,express-exp/ml/datasets/features/val/water/24.jpg,water
98,False,28067ce9a2fa1d6406072f54d236901798b9510d05c06a47968f4f448e5dcfb0,train,express-exp/ml/datasets/features/train/land/116.jpg,land
98,False,28067ce9a2fa1d6406072f54d236901798b9510d05c06a47968f4f448e5dcfb0,train,express-exp/ml/datasets/features/train/trees/117.jpg,trees
99,True,e765f1d2929eae38e71d5a88b41b6b46f3cb9928a958e235ee00886aed017f05,train,express-exp/ml/datasets/features/train/land/130.jpg,land
99,True,e765f1d2929eae38e71d5a88b41b6b46f3cb9928a958e235ee00886aed017f05,val,express-exp/ml/datasets/features/val/day/25.jpg,day
100,True,e736d563910fa979c36272afa383d247930805e66c0168681463c1cdbf793d56,train,express-exp/ml/datasets/features/train/land/132.jpg,land
100,True,e736d563910fa979c36272afa383d247930805e66c0168681463c1cdbf793d56,train,express-exp/ml/datasets/features/train/sky_and_clouds/85.jpg,sky_and_clouds
100,True,e736d563910fa979c36272afa383d247930805e66c0168681463c1cdbf793d56,val,express-exp/ml/datasets/features/val/day/26.jpg,day
101,False,5b6d35554800f3cfc3308be22f54a1dcd23f20f67a415bbcdf1cf73b2d17bdd3,train,express-exp/ml/datasets/features/train/land/133.jpg,land
101,False,5b6d35554800f3cfc3308be22f54a1dcd23f20f67a415bbcdf1cf73b2d17bdd3,train,express-exp/ml/datasets/features/train/trees/123.jpg,trees
102,False,d1a89cdd4ad00f44a3745374ca09fc0651252ef44fb53cbd20f4017fa2fd6ac3,train,express-exp/ml/datasets/features/train/land/134.jpg,land
102,False,d1a89cdd4ad00f44a3745374ca09fc0651252ef44fb53cbd20f4017fa2fd6ac3,train,express-exp/ml/datasets/features/train/trees/124.jpg,trees
103,True,bbf4a753b85aed9d6614d89bcf1f39c5d2ba0b69cd2879441f6ce9aec736cfbe,train,express-exp/ml/datasets/features/train/land/139.jpg,land
103,True,bbf4a753b85aed9d6614d89bcf1f39c5d2ba0b69cd2879441f6ce9aec736cfbe,train,express-exp/ml/datasets/features/train/trees/131.jpg,trees
103,True,bbf4a753b85aed9d6614d89bcf1f39c5d2ba0b69cd2879441f6ce9aec736cfbe,val,express-exp/ml/datasets/features/val/day/27.jpg,day
104,False,78f8c463830766b56a3759ad553d59f2ac01fced1ae2c3104015044b066180a5,train,express-exp/ml/datasets/features/train/land/141.jpg,land
104,False,78f8c463830766b56a3759ad553d59f2ac01fced1ae2c3104015044b066180a5,train,express-exp/ml/datasets/features/train/trees/100.jpg,trees
104,False,78f8c463830766b56a3759ad553d59f2ac01fced1ae2c3104015044b066180a5,train,express-exp/ml/datasets/features/train/trees/152.jpg,trees
105,True,35285029cfa0ec774f82d4a4e1456f5fd2afb058a45ce879c63a445eb3b889ad,train,express-exp/ml/datasets/features/train/land/144.jpg,land
105,True,35285029cfa0ec774f82d4a4e1456f5fd2afb058a45ce879c63a445eb3b889ad,train,express-exp/ml/datasets/features/train/trees/133.jpg,trees
105,True,35285029cfa0ec774f82d4a4e1456f5fd2afb058a45ce879c63a445eb3b889ad,val,express-exp/ml/datasets/features/val/water/30.jpg,water
106,False,d99f6027179b7e9705bcc8e9bcda49ff42c664c083e05921207bb1e29e6baac4,train,express-exp/ml/datasets/features/train/land/147.jpg,land
106,False,d99f6027179b7e9705bcc8e9bcda49ff42c664c083e05921207bb1e29e6baac4,train,express-exp/ml/datasets/features/train/land/159.jpg,land
106,False,d99f6027179b7e9705bcc8e9bcda49ff42c664c083e05921207bb1e29e6baac4,train,express-exp/ml/datasets/features/train/trees/136.jpg,trees
106,False,d99f6027179b7e9705bcc8e9bcda49ff42c664c083e05921207bb1e29e6baac4,train,express-exp/ml/datasets/features/train/trees/139.jpg,trees
107,False,10f3b7904e95ddbd795847d8bc758b15a8f2d80a7574b3ef97dcf59a9616bdf5,train,express-exp/ml/datasets/features/train/land/148.jpg,land
107,False,10f3b7904e95ddbd795847d8bc758b15a8f2d80a7574b3ef97dcf59a9616bdf5,train,express-exp/ml/datasets/features/train/trees/137.jpg,trees
108,False,cb32b3f71458a01451897b1d9f98b9bf4f9f9e0aa74740366aeda5e0ee003aa0,train,express-exp/ml/datasets/features/train/land/154.jpg,land
108,False,cb32b3f71458a01451897b1d9f98b9bf4f9f9e0aa74740366aeda5e0ee003aa0,train,express-exp/ml/datasets/features/train/trees/141.jpg,trees
109,False,b721aa1f60610bfd4a39ce58bdc03221468c5384b51624853dd6f2028d8ee8f5,train,express-exp/ml/datasets/features/train/land/155.jpg,land
109,False,b721aa1f60610bfd4a39ce58bdc03221468c5384b51624853dd6f2028d8ee8f5,train,express-exp/ml/datasets/features/train/trees/144.jpg,trees
110,False,e0f0325eddea29182af649814fa255e67fbbd94ef896ca83b1d699d4e16345f7,train,express-exp/ml/datasets/features/train/land/156.jpg,land
110,False,e0f0325eddea29182af649814fa255e67fbbd94ef896ca83b1d699d4e16345f7,train,express-exp/ml/datasets/features/train/trees/155.jpg,trees
111,False,89b25fe0c4633478af94c88ccd201af137f43bb90faad0072abff29ec184679c,train,express-exp/ml/datasets/features/train/land/160.jpg,land
111,False,89b25fe0c4633478af94c88ccd201af137f43bb90faad0072abff29ec184679c,train,express-exp/ml/datasets/features/train/trees/157.jpg,trees
112,False,6acc9ebcdc41f06976f654a45f19ba37d70a15d9a64a067271b59d2f526fd2c3,train,express-exp/ml/datasets/features/train/land/53.jpg,"day, land, trees"
112,False,6acc9ebcdc41f06976f654a45f19ba37d70a15d9a64a067271b59d2f526fd2c3,train,express-exp/ml/datasets/features/train/trees/57.jpg,"land, trees"
113,True,c67c4c94151936d352a4bc8b5ba774bc7dca377dc9e45f0dc8a17381577be264,train,express-exp/ml/datasets/features/train/land/90.jpg,land
113,True,c67c4c94151936d352a4bc8b5ba774bc7dca377dc9e45f0dc8a17381577be264,train,express-exp/ml/datasets/features/train/trees/97.jpg,trees
113,True,c67c4c94151936d352a4bc8b5ba774bc7dca377dc9e45f0dc8a17381577be264,val,express-exp/ml/datasets/features/val/day/21.jpg,day
114,False,c74531a8d59751ad1c65bd2a0497c32c2f57b0051c6cbe707ce14f8fcdfa5830,train,express-exp/ml/datasets/features/train/land/99.jpg,land
114,False,c74531a8d59751ad1c65bd2a0497c32c2f57b0051c6cbe707ce14f8fcdfa5830,train,express-exp/ml/datasets/features/train/trees/106.jpg,trees
115,False,9797c79356d7f1acbeb4ab6d5f75239d2975d0581e21a914edb9847b56457b35,train,express-exp/ml/datasets/features/train/moon/106.jpg,moon
115,False,9797c79356d7f1acbeb4ab6d5f75239d2975d0581e21a914edb9847b56457b35,train,express-exp/ml/datasets/features/train/night/120.jpg,night
116,False,23374bb08ef19f1b1def7000205f2ea481231d80e0ea08f10fcc5adb999c809c,train,express-exp/ml/datasets/features/train/moon/111.jpg,moon
116,False,23374bb08ef19f1b1def7000205f2ea481231d80e0ea08f10fcc5adb999c809c,train,express-exp/ml/datasets/features/train/night/121.jpg,night
117,False,6acdd928c2f5d2a7eb5f5e3567f5ac5e71ca438f20fa2f6445575b1e490da910,train,express-exp/ml/datasets/features/train/moon/113.jpg,moon
117,False,6acdd928c2f5d2a7eb5f5e3567f5ac5e71ca438f20fa2f6445575b1e490da910,train,express-exp/ml/datasets/features/train/night/123.jpg,night
118,False,44fc96908ea30755e504a9cb18274b0f832bb9f326b028b81955329afa909a9f,train,express-exp/ml/datasets/features/train/moon/114.jpg,moon
118,False,44fc96908ea30755e504a9cb18274b0f832bb9f326b028b81955329afa909a9f,train,express-exp/ml/datasets/features/train/night/125.jpg,night
118,False,44fc96908ea30755e504a9cb18274b0f832bb9f326b028b81955329afa909a9f,train,express-exp/ml/datasets/features/train/night/47.jpg,"land, moon, night, sky_and_clouds, water"
119,False,510b4977efd607db308617ba9084370721780b39262c4436f31f4eacecb0970d,train,express-exp/ml/datasets/features/train/moon/119.jpg,moon
119,False,510b4977efd607db308617ba9084370721780b39262c4436f31f4eacecb0970d,train,express-exp/ml/datasets/features/train/night/132.jpg,night
120,False,e0b303f9ad28eee2f87db8ada7f8f4d538b36d60ffafd19d7b389be5984720f6,train,express-exp/ml/datasets/features/train/moon/121.jpg,moon
120,False,e0b303f9ad28eee2f87db8ada7f8f4d538b36d60ffafd19d7b389be5984720f6,train,express-exp/ml/datasets/features/train/night/133.jpg,night
121,False,fda96392adc29bc4f83c6551a9c83e02586acf2ebda1073f8459b32ab6735795,train,express-exp/ml/datasets/features/train/moon/125.jpg,moon
121,False,fda96392adc29bc4f83c6551a9c83e02586acf2ebda1073f8459b32ab6735795,train,express-exp/ml/datasets/features/train/night/134.jpg,night
122,False,61f566dd501eeb6d67d299e686fcf3d3dc37a5a4d9beeeddb12651a666b21a76,train,express-exp/ml/datasets/features/train/moon/128.jpg,moon
122,False,61f566dd501eeb6d67d299e686fcf3d3dc37a5a4d9beeeddb12651a666b21a76,train,express-exp/ml/datasets/features/train/sky_and_clouds/146.jpg,sky_and_clouds
123,False,9e712a18867704a5e796b6d800dafcd69873ba1bdb09b10edf7d74d10c244c7d,train,express-exp/ml/datasets/features/train/moon/131.jpg,moon
123,False,9e712a18867704a5e796b6d800dafcd69873ba1bdb09b10edf7d74d10c244c7d,train,express-exp/ml/datasets/features/train/night/137.jpg,night
124,False,0b4e8cf4e0ffba91646127e17d21229385b8304824414d79f39cea44981edcab,train,express-exp/ml/datasets/features/train/moon/133.jpg,moon
124,False,0b4e8cf4e0ffba91646127e17d21229385b8304824414d79f39cea44981edcab,train,express-exp/ml/datasets/features/train/night/139.jpg,night
125,False,c51551933502046bc3460c914bfa6bb62a077b02af8702c382bf34c7a5b351b0,train,express-exp/ml/datasets/features/train/moon/153.jpg,moon
125,False,c51551933502046bc3460c914bfa6bb62a077b02af8702c382bf34c7a5b351b0,train,express-exp/ml/datasets/features/train/night/149.jpg,night
126,False,35ade7fbe7374f09307733e471ec05b8e5472b93640f6492649287b1df7f2c5e,train,express-exp/ml/datasets/features/train/moon/158.jpg,moon
126,False,35ade7fbe7374f09307733e471ec05b8e5472b93640f6492649287b1df7f2c5e,train,express-exp/ml/datasets/features/train/night/153.jpg,night
127,True,d2c1b885544165723c1b47f27bb8d22c8e29a04efa041619e689ee2151b94a2c,train,express-exp/ml/datasets/features/train/moon/30.jpg,"moon, night, trees"
127,True,d2c1b885544165723c1b47f27bb8d22c8e29a04efa041619e689ee2151b94a2c,val,express-exp/ml/datasets/features/val/moon/13.jpg,"moon, night, trees"
128,True,32e3ebfb9eea77e6dbb4d744f7b03893190872e5aa9572dc7aea7029f508635c,train,express-exp/ml/datasets/features/train/moon/52.jpg,"moon, night, trees"
128,True,32e3ebfb9eea77e6dbb4d744f7b03893190872e5aa9572dc7aea7029f508635c,train,express-exp/ml/datasets/features/train/night/97.jpg,night
128,True,32e3ebfb9eea77e6dbb4d744f7b03893190872e5aa9572dc7aea7029f508635c,val,express-exp/ml/datasets/features/val/moon/1.jpg,"moon, night, trees"
129,False,156d4bccb5d51a0808c26bf98662425c988731451f759c69fdf313b53f03e4e1,train,express-exp/ml/datasets/features/train/moon/68.jpg,"moon, night, sky_and_clouds"
129,False,156d4bccb5d51a0808c26bf98662425c988731451f759c69fdf313b53f03e4e1,train,express-exp/ml/datasets/features/train/sky_and_clouds/54.jpg,"moon, night, sky_and_clouds"
130,False,e0a00addbce45248479f78defc2062f31a5b0921b8fe114a16ec5741d911578b,train,express-exp/ml/datasets/features/train/moon/69.jpg,"moon, sky_and_clouds"
130,False,e0a00addbce45248479f78defc2062f31a5b0921b8fe114a16ec5741d911578b,train,express-exp/ml/datasets/features/train/sky_and_clouds/57.jpg,"moon, night, sky_and_clouds"
131,False,306b19af56aa778ad40ada49d5e3c9324c0421441f9c297ee38e81c8549701e8,train,express-exp/ml/datasets/features/train/moon/82.jpg,moon
131,False,306b19af56aa778ad40ada49d5e3c9324c0421441f9c297ee38e81c8549701e8,train,express-exp/ml/datasets/features/train/night/81.jpg,night
132,False,f6703914d7ba3b044efadf91d9c0b0c596b8796067dae450746a9def6ec3b7d8,train,express-exp/ml/datasets/features/train/moon/89.jpg,moon
132,False,f6703914d7ba3b044efadf91d9c0b0c596b8796067dae450746a9def6ec3b7d8,train,express-exp/ml/datasets/features/train/night/90.jpg,night
133,False,a61b190967c52c852a2af4e2e9c8fc21d62182a5c24234bbe765fecf6494f7b2,train,express-exp/ml/datasets/features/train/moon/92.jpg,moon
133,False,a61b190967c52c852a2af4e2e9c8fc21d62182a5c24234bbe765fecf6494f7b2,train,express-exp/ml/datasets/features/train/night/94.jpg,night
134,False,991148362a02f00f5fa9e4dd4cd1a4da34e91f9d067fe17062e92f5d3f9d3499,train,express-exp/ml/datasets/features/train/moon/93.jpg,moon
134,False,991148362a02f00f5fa9e4dd4cd1a4da34e91f9d067fe17062e92f5d3f9d3499,train,express-exp/ml/datasets/features/train/night/130.jpg,night
134,False,991148362a02f00f5fa9e4dd4cd1a4da34e91f9d067fe17062e92f5d3f9d3499,train,express-exp/ml/datasets/features/train/night/95.jpg,night
135,False,289f1b9eae128b25ddca2f730e01a5cbe121aa625000e95e79cb25663ffe2826,train,express-exp/ml/datasets/features/train/moon/95.jpg,moon
135,False,289f1b9eae128b25ddca2f730e01a5cbe121aa625000e95e79cb25663ffe2826,train,express-exp/ml/datasets/features/train/night/98.jpg,night
136,False,d69db89280bda7cd446eb455d45c12a309785dfe75f1b4d997f90ac1000ea17d,train,express-exp/ml/datasets/features/train/moon/96.png,moon
136,False,d69db89280bda7cd446eb455d45c12a309785dfe75f1b4d997f90ac1000ea17d,train,express-exp/ml/datasets/features/train/night/101.png,night
137,True,e8664c76f1b20ee04ae7d4fcc6d8ca9ad982f554be08751cf92f1ab80606dd7e,train,express-exp/ml/datasets/features/train/night/111.jpg,night
137,True,e8664c76f1b20ee04ae7d4fcc6d8ca9ad982f554be08751cf92f1ab80606dd7e,train,express-exp/ml/datasets/features/train/sky_and_clouds/78.jpg,"moon, sky_and_clouds, trees, vehicles, water"
137,True,e8664c76f1b20ee04ae7d4fcc6d8ca9ad982f554be08751cf92f1ab80606dd7e,val,express-exp/ml/datasets/features/val/moon/4.jpg,"land, moon, night, sky_and_clouds, trees, vehicles, water"
138,False,9f8ab70513e504ff886e30fe1af72d5715e9b6b16b35715c59a203ca1d1c96bf,train,express-exp/ml/datasets/features/train/night/112.jpg,night
138,False,9f8ab70513e504ff886e30fe1af72d5715e9b6b16b35715c59a203ca1d1c96bf,train,express-exp/ml/datasets/features/train/sky_and_clouds/2.jpg,"land, night, sky_and_clouds, trees, water"
139,False,787a07d3a9422b1a3b3a4929d841bdf0588ebac68620f2a875aab48b698fd214,train,express-exp/ml/datasets/features/train/night/127.jpg,night
139,False,787a07d3a9422b1a3b3a4929d841bdf0588ebac68620f2a875aab48b698fd214,train,express-exp/ml/datasets/features/train/sky_and_clouds/23.jpg,"land, sky_and_clouds"
140,True,e9a1b5ba8941885c4305c2eca93c7a93ebe80ed67dce8a616bd063473cb7df26,train,express-exp/ml/datasets/features/train/night/135.jpg,night
140,True,e9a1b5ba8941885c4305c2eca93c7a93ebe80ed67dce8a616bd063473cb7df26,val,express-exp/ml/datasets/features/val/moon/27.jpg,moon
141,True,54bed9e085383ec5d79497ab3e9d88b012bc087dc8e2e1d8bf542ee5ed8cda03,train,express-exp/ml/datasets/features/train/night/136.jpg,night
141,True,54bed9e085383ec5d79497ab3e9d88b012bc087dc8e2e1d8bf542ee5ed8cda03,val,express-exp/ml/datasets/features/val/moon/28.jpg,moon
142,True,f7bbb55219de001c10845871091c34158856677e587d0a46bc23f528db42958e,train,express-exp/ml/datasets/features/train/night/138.jpg,night
142,True,f7bbb55219de001c10845871091c34158856677e587d0a46bc23f528db42958e,val,express-exp/ml/datasets/features/val/moon/29.jpg,moon
143,True,0e8c49d125415ed1343c02f880b72cdc1f313467488a34670f845300f33559ee,train,express-exp/ml/datasets/features/train/night/147.jpg,night
143,True,0e8c49d125415ed1343c02f880b72cdc1f313467488a34670f845300f33559ee,val,express-exp/ml/datasets/features/val/moon/33.jpg,moon
144,True,1a1ec9b44797c0ef9ec5bb41c3e425e7ecd02e11d8dffce1bb4288fa635edc9c,train,express-exp/ml/datasets/features/train/night/152.jpg,night
144,True,1a1ec9b44797c0ef9ec5bb41c3e425e7ecd02e11d8dffce1bb4288fa635edc9c,val,express-exp/ml/datasets/features/val/moon/37.jpg,moon
145,True,dbf0969abea577542bf0df90b8f04b13340a1c0271d5d4644865a03f4a33e7c8,train,express-exp/ml/datasets/features/train/night/154.jpg,night
145,True,dbf0969abea577542bf0df90b8f04b13340a1c0271d5d4644865a03f4a33e7c8,val,express-exp/ml/datasets/features/val/moon/40.jpg,moon
146,False,a9b0588eb1d6e44affe5b517a2cd581f62bd950a24f89f2a50f8a284b7cb48ac,train,express-exp/ml/datasets/features/train/night/160.jpg,night
146,False,a9b0588eb1d6e44affe5b517a2cd581f62bd950a24f89f2a50f8a284b7cb48ac,train,express-exp/ml/datasets/features/train/sky_and_clouds/77.jpg,"land, night, sky_and_clouds"
147,False,66e6a256eaa9a56fd2d4c90e2d6a28ff1c3c68bb03af97d6d2df1b52fa4ece07,train,express-exp/ml/datasets/features/train/night/8.jpg,"flowers, land, night, sky_and_clouds, trees"
147,False,66e6a256eaa9a56fd2d4c90e2d6a28ff1c3c68bb03af97d6d2df1b52fa4ece07,train,express-exp/ml/datasets/features/train/sky_and_clouds/46.jpg,"flowers, land, sky_and_clouds"
148,False,80f35cdea0901641d39b6d0933968e7b930e7516d4a6f7b25b26f2e31a4d3a7d,train,express-exp/ml/datasets/features/train/object/13.jpg,object
148,False,80f35cdea0901641d39b6d0933968e7b930e7516d4a6f7b25b26f2e31a4d3a7d,train,express-exp/ml/datasets/features/train/object/40.jpg,object
149,True,1f073b17f874d8235d1604ae08c38f8b6ef000c4f689f01ab05ed6cdd0fbe773,train,express-exp/ml/datasets/features/train/object/133.jpg,object
149,True,1f073b17f874d8235d1604ae08c38f8b6ef000c4f689f01ab05ed6cdd0fbe773,val,express-exp/ml/datasets/features/val/object/25.jpg,object
150,False,f6c37843443b38377a3dfcba3abcce1a918a03d1a5837c825bdeed461b81a359,train,express-exp/ml/datasets/features/train/pins_and_badges/90.jpg,pins_and_badges
150,False,f6c37843443b38377a3dfcba3abcce1a918a03d1a5837c825bdeed461b81a359,train,express-exp/ml/datasets/features/train/pins_and_badges/96.jpg,pins_and_badges
151,True,fd159a24eaca21e7b106788862a2af4b30f0df889cd0c9059734bd19712f1b73,train,express-exp/ml/datasets/features/train/pins_and_badges/91.jpg,pins_and_badges
151,True,fd159a24eaca21e7b106788862a2af4b30f0df889cd0c9059734bd19712f1b73,val,express-exp/ml/datasets/features/val/pins_and_badges/34.jpg,pins_and_badges
152,False,5a78ff18a6abaa3437f3fb262d99591cfed926ca1ee3ba3def76badbc3831d13,train,express-exp/ml/datasets/features/train/pins_and_badges/92.jpg,pins_and_badges
152,False,5a78ff18a6abaa3437f3fb262d99591cfed926ca1ee3ba3def76badbc3831d13,train,express-exp/ml/datasets/features/train/pins_and_badges/95.jpg,pins_and_badges
153,True,47a19afcf56d1aaf5bccd885bb7aa4d6d28cae478c8502dcb5c2a2e196789e76,train,express-exp/ml/datasets/features/train/pins_and_badges/94.jpg,pins_and_badges
153,True,47a19afcf56d1aaf5bccd885bb7aa4d6d28cae478c8502dcb5c2a2e196789e76,val,express-exp/ml/datasets/features/val/pins_and_badges/33.jpg,pins_and_badges
154,False,22b18ed45e2201156ea1f933553383ee7cefca0440affbeeca82f7f97b3b7fd5,train,express-exp/ml/datasets/features/train/portraits/154.jpg,portraits
154,False,22b18ed45e2201156ea1f933553383ee7cefca0440affbeeca82f7f97b3b7fd5,train,express-exp/ml/datasets/features/train/portraits/4.jpg,portraits
155,True,76c04073bb3ecdedba865b78f1bd228448a7327f0847c08c1b60cc0563700c63,train,express-exp/ml/datasets/features/train/sky_and_clouds/103.jpg,sky_and_clouds
155,True,76c04073bb3ecdedba865b78f1bd228448a7327f0847c08c1b60cc0563700c63,val,express-exp/ml/datasets/features/val/day/30.jpg,day
156,True,adacf2e2c51ec6c0df4a7b369926f72f732be9141823a00f21102aae64ba1027,train,express-exp/ml/datasets/features/train/sky_and_clouds/105.jpg,sky_and_clouds
156,True,adacf2e2c51ec6c0df4a7b369926f72f732be9141823a00f21102aae64ba1027,val,express-exp/ml/datasets/features/val/day/31.jpg,day
157,True,5146ccd05fe4ad35595942523f8a533bc10c1da091051e28bf579d6ecf812ea6,train,express-exp/ml/datasets/features/train/sky_and_clouds/118.jpg,sky_and_clouds
157,True,5146ccd05fe4ad35595942523f8a533bc10c1da091051e28bf579d6ecf812ea6,val,express-exp/ml/datasets/features/val/day/32.jpg,day
158,False,3b5968bd699ba8e76cd3547c79552df9cfd629b83f0fc58ccd9db27b0522e3ea,train,express-exp/ml/datasets/features/train/sky_and_clouds/132.jpg,sky_and_clouds
158,False,3b5968bd699ba8e76cd3547c79552df9cfd629b83f0fc58ccd9db27b0522e3ea,train,express-exp/ml/datasets/features/train/sun/99.jpg,sun
159,False,777d2dfaef3a45787636f73fdd6f8a2be2258018660d2ee68b216cdb12dff797,train,express-exp/ml/datasets/features/train/sun/122.jpg,sun
159,False,777d2dfaef3a45787636f73fdd6f8a2be2258018660d2ee68b216cdb12dff797,train,express-exp/ml/datasets/features/train/water/89.jpg,water
160,True,8ccc0d8f73445b5eca10635ed6766106a0447f34a0fe2fd07a9b92c1aafa2138,train,express-exp/ml/datasets/features/train/sun/125.jpg,sun
160,True,8ccc0d8f73445b5eca10635ed6766106a0447f34a0fe2fd07a9b92c1aafa2138,val,express-exp/ml/datasets/features/val/sun/23.jpg,sun
161,True,0080593867f97de545a0fc90a00819b56a69836569ca331aab63b8a091a4ded2,train,express-exp/ml/datasets/features/train/sun/129.jpg,sun
161,True,0080593867f97de545a0fc90a00819b56a69836569ca331aab63b8a091a4ded2,val,express-exp/ml/datasets/features/val/day/35.jpg,day
162,True,1fdf39d2497db1fd248dc76866910da0c2f749e6dca009c58cb9f054324ee0c5,train,express-exp/ml/datasets/features/train/sun/138.jpg,sun
162,True,1fdf39d2497db1fd248dc76866910da0c2f749e6dca009c58cb9f054324ee0c5,val,express-exp/ml/datasets/features/val/day/36.jpg,day
163,True,cfe0df86265d9b5eb2e6f3e20e53eea8d10620454cfc06e0fa4df564eeec2ae0,train,express-exp/ml/datasets/features/train/sun/140.png,sun
163,True,cfe0df86265d9b5eb2e6f3e20e53eea8d10620454cfc06e0fa4df564eeec2ae0,val,express-exp/ml/datasets/features/val/day/37.png,day
164,True,4cb2c42b68d5609019b89ed2d2599ac4a37cb85e0ad830c3e5a9a0d424942d44,train,express-exp/ml/datasets/features/train/sun/143.png,sun
164,True,4cb2c42b68d5609019b89ed2d2599ac4a37cb85e0ad830c3e5a9a0d424942d44,val,express-exp/ml/datasets/features/val/day/39.png,day
165,False,62b6f7c32010408936eb1eb3f948b9b4921584e94a3c00ac97432cd53065db5a,train,express-exp/ml/datasets/features/train/sun/28.jpg,"day, sky_and_clouds, sun"
165,False,62b6f7c32010408936eb1eb3f948b9b4921584e94a3c00ac97432cd53065db5a,train,express-exp/ml/datasets/features/train/sun/40.jpg,"day, sky_and_clouds, sun"
166,False,eebd7f3383dfc9d199f9ee2e0d420fa35c624a7e75a78d01a366817c73a07c30,train,express-exp/ml/datasets/features/train/sun/81.jpg,sun
166,False,eebd7f3383dfc9d199f9ee2e0d420fa35c624a7e75a78d01a366817c73a07c30,train,express-exp/ml/datasets/features/train/water/120.jpg,water
167,False,a72a406bd4d8d7ffdbb6e6937db246680d68b26178771af564f342b053c3d188,train,express-exp/ml/datasets/features/train/trees/140.jpg,trees
167,False,a72a406bd4d8d7ffdbb6e6937db246680d68b26178771af564f342b053c3d188,train,express-exp/ml/datasets/features/train/trees/71.jpg,trees
168,True,e4b2ddbc59afb3471c27d96615b63c536c50383d5c5cb22e960d70a7f7a411d9,train,express-exp/ml/datasets/features/train/trees/153.jpg,trees
168,True,e4b2ddbc59afb3471c27d96615b63c536c50383d5c5cb22e960d70a7f7a411d9,val,express-exp/ml/datasets/features/val/water/28.jpg,water
169,True,7abaa850ded7da1ef63f9c22d974ac4138cf9972adb84b76187f990c4121b6e8,train,express-exp/ml/datasets/features/train/trees/37.jpg,trees
169,True,7abaa850ded7da1ef63f9c22d974ac4138cf9972adb84b76187f990c4121b6e8,val,express-exp/ml/datasets/features/val/trees/38.jpg,trees
170,False,d50b105ad7e1b093029f02092a0cc40eb0da9bc068a462edab4f41b9ffb5f460,train,express-exp/ml/datasets/features/train/trees/83.jpg,trees
170,False,d50b105ad7e1b093029f02092a0cc40eb0da9bc068a462edab4f41b9ffb5f460,train,express-exp/ml/datasets/features/train/water/83.jpg,water
171,True,50470629e092704f0d793dfe8f6f2add86be93d8c9f54dd51975e791a139f79e,train,express-exp/ml/datasets/features/train/vehicles/136.jpg,vehicles
171,True,50470629e092704f0d793dfe8f6f2add86be93d8c9f54dd51975e791a139f79e,val,express-exp/ml/datasets/features/val/day/33.jpg,day
172,True,2bd95414abc4269df39b3e63e009bfad0a60943f4d3865dacf61e628b2249bca,train,express-exp/ml/datasets/features/train/vehicles/64.jpg,vehicles
172,True,2bd95414abc4269df39b3e63e009bfad0a60943f4d3865dacf61e628b2249bca,val,express-exp/ml/datasets/features/val/vehicles/10.jpg,vehicles
173,True,fd921fcf447d67c482a6b92936802b491e43397e1825ba5557f528db9065cb16,train,express-exp/ml/datasets/features/train/vehicles/75.jpg,"day, sky_and_clouds, vehicles"
173,True,fd921fcf447d67c482a6b92936802b491e43397e1825ba5557f528db9065cb16,val,express-exp/ml/datasets/features/val/vehicles/2.jpg,"sky_and_clouds, vehicles"
174,True,c77c4f1ba680afa5f2c3259c700b01f2ad2f5ed695391c476a2e6fe088b00a1e,train,express-exp/ml/datasets/features/train/water/100.jpg,water
174,True,c77c4f1ba680afa5f2c3259c700b01f2ad2f5ed695391c476a2e6fe088b00a1e,val,express-exp/ml/datasets/features/val/day/22.jpg,day
175,False,75342ad1d8d5fdc5715b051df4a4bd0d562fa9348613278f1bde2be6775227da,train,express-exp/ml/datasets/features/train/water/12.jpg,"day, sky_and_clouds, trees, vehicles, water"
175,False,75342ad1d8d5fdc5715b051df4a4bd0d562fa9348613278f1bde2be6775227da,train,express-exp/ml/datasets/features/train/water/39.jpg,"day, trees, vehicles, water"
176,True,da9b0f73b9b7f37608f9b44af341302689ded8b2b170aad76240cf08bfac66e5,train,express-exp/ml/datasets/features/train/water/81.webp,water
176,True,da9b0f73b9b7f37608f9b44af341302689ded8b2b170aad76240cf08bfac66e5,val,express-exp/ml/datasets/features/val/sky_and_clouds/40.webp,sky_and_clouds
177,False,abb1902b4d0b03a800553570e72ba1cf7931d8f8a1586d10ee23d93f3f1fa1df,val,express-exp/ml/datasets/features/val/day/13.jpg,"day, sky_and_clouds"
177,False,abb1902b4d0b03a800553570e72ba1cf7931d8f8a1586d10ee23d93f3f1fa1df,val,express-exp/ml/datasets/features/val/sky_and_clouds/7.jpg,"day, sky_and_clouds"
178,False,40212f13c1afc910a98d7eab8a0a29b170e4dbe01b1cbcb207821b5d4570ead1,val,express-exp/ml/datasets/features/val/day/24.jpg,day
178,False,40212f13c1afc910a98d7eab8a0a29b170e4dbe01b1cbcb207821b5d4570ead1,val,express-exp/ml/datasets/features/val/sky_and_clouds/23.jpg,sky_and_clouds
179,False,c40194235810df67417d6dd9e357d5cc05501bba407072b7e715845c8188113d,val,express-exp/ml/datasets/features/val/day/29.jpg,day
179,False,c40194235810df67417d6dd9e357d5cc05501bba407072b7e715845c8188113d,val,express-exp/ml/datasets/features/val/water/33.jpg,water
180,False,f20599fcd30ebcbaad07c4a93e377ad6db5e5c600f945fd67aee5c5f1c0ce84b,val,express-exp/ml/datasets/features/val/day/34.jpg,day
180,False,f20599fcd30ebcbaad07c4a93e377ad6db5e5c600f945fd67aee5c5f1c0ce84b,val,express-exp/ml/datasets/features/val/vehicles/35.jpg,vehicles
181,False,18ad17578d22f3feff96f2e51f581babb93e0880ab8e6da28bf070acc295f26f,val,express-exp/ml/datasets/features/val/day/38.png,day
181,False,18ad17578d22f3feff96f2e51f581babb93e0880ab8e6da28bf070acc295f26f,val,express-exp/ml/datasets/features/val/sun/30.png,sun
182,False,b885f21f299134c4b3d70c4267d7a75f7347c2f68295c00e725e1156b46555e6,val,express-exp/ml/datasets/features/val/day/4.jpg,"day, land, sky_and_clouds, water"
182,False,b885f21f299134c4b3d70c4267d7a75f7347c2f68295c00e725e1156b46555e6,val,express-exp/ml/datasets/features/val/sky_and_clouds/1.jpg,"day, land, sky_and_clouds"
183,False,359371eef4153b83a478440ac2af66725a1808b461eeb877769a6b593d8318b6,val,express-exp/ml/datasets/features/val/land/26.jpg,land
183,False,359371eef4153b83a478440ac2af66725a1808b461eeb877769a6b593d8318b6,val,express-exp/ml/datasets/features/val/trees/24.jpg,trees
184,False,f9c96c3b40f2d8232742b38882f0877f80f9b175022d22b96dc9c80923adb4f5,val,express-exp/ml/datasets/features/val/land/29.jpg,land
184,False,f9c96c3b40f2d8232742b38882f0877f80f9b175022d22b96dc9c80923adb4f5,val,express-exp/ml/datasets/features/val/trees/27.jpg,trees
185,False,d4f8d0121e3777c1d17d26ed886a680f392330ad5d02cc2cc56c8fb7f84593e3,val,express-exp/ml/datasets/features/val/land/34.jpg,land
185,False,d4f8d0121e3777c1d17d26ed886a680f392330ad5d02cc2cc56c8fb7f84593e3,val,express-exp/ml/datasets/features/val/trees/31.jpg,trees
186,False,4d047b0b37ccde65466a540c2a081059444cc396f816e0d6d35a25c18648afc3,val,express-exp/ml/datasets/features/val/sculptures/33.jpg,sculptures
186,False,4d047b0b37ccde65466a540c2a081059444cc396f816e0d6d35a25c18648afc3,val,express-exp/ml/datasets/features/val/sculptures/8.jpg,"animals, sculptures"
187,False,26464f559d5f8f9245c6ae407b7edd4212a2181c9dcfcbdc9420b2e46fce88d3,val,express-exp/ml/datasets/features/val/sun/16.jpg,"sky_and_clouds, sun, water"
187,False,26464f559d5f8f9245c6ae407b7edd4212a2181c9dcfcbdc9420b2e46fce88d3,val,express-exp/ml/datasets/features/val/sun/17.jpg,"sky_and_clouds, sun, water"
